product_id,product_name,category,price
1,Walk Product,Home,2774
2,Anything Product,Home,2898
3,Here Product,Fashion,3841
4,Indeed Product,Electronics,351
5,Yeah Product,Fashion,1939
6,Behind Product,Fitness,4150
7,Talk Product,Fitness,4400
8,Stand Product,Home,4355
9,Return Product,Sports,1132
10,Service Product,Electronics,4373
11,Phone Product,Fashion,4088
12,Career Product,Electronics,2314
13,Ahead Product,Fitness,4644
14,Who Product,Fashion,4155
15,Couple Product,Electronics,1604
16,Former Product,Electronics,2979
17,Include Product,Fitness,2793
18,Computer Product,Sports,1615
19,Speech Product,Sports,3684
20,Thing Product,Sports,4877
21,Answer Product,Fashion,917
22,Reduce Product,Home,2720
23,Positive Product,Fashion,4983
24,Might Product,Fashion,1254
25,Lay Product,Fashion,4759
26,Claim Product,Home,1338
27,Same Product,Fashion,61
28,Technology Product,Sports,96
29,Rest Product,Home,2477
30,Walk Product,Fitness,1444
31,Former Product,Sports,3752
32,Everyone Product,Sports,4401
33,Store Product,Fitness,1126
34,Much Product,Electronics,2036
35,Cause Product,Electronics,2007
36,Off Product,Home,600
37,Career Product,Sports,4010
38,Those Product,Electronics,522
39,Politics Product,Electronics,1611
40,Building Product,Sports,3638
41,Move Product,Electronics,4681
42,Rich Product,Fashion,2790
43,Remain Product,Home,1761
44,Word Product,Electronics,1616
45,Man Product,Fitness,3049
46,Again Product,Fitness,1649
47,Evidence Product,Home,2524
48,Some Product,Electronics,4350
49,Heart Product,Electronics,3498
50,Again Product,Home,1187
51,Friend Product,Home,3064
52,Simply Product,Home,4348
53,Attorney Product,Fitness,2472
54,Rise Product,Electronics,4054
55,Huge Product,Electronics,4244
56,By Product,Fitness,4858
57,Trial Product,Fitness,3678
58,Peace Product,Fitness,1598
59,Five Product,Fitness,4380
60,Various Product,Home,2181
61,Able Product,Sports,3746
62,Recognize Product,Fashion,239
63,Again Product,Sports,2227
64,Watch Product,Electronics,4806
65,Health Product,Sports,1122
66,Thought Product,Home,2794
67,Radio Product,Home,2497
68,Risk Product,Fashion,3034
69,Author Product,Electronics,2143
70,Organization Product,Fitness,2271
71,Opportunity Product,Fitness,4969
72,Heart Product,Electronics,35
73,Recently Product,Sports,257
74,Option Product,Electronics,1632
75,International Product,Fashion,4188
76,Blood Product,Fitness,428
77,Role Product,Electronics,925
78,Whatever Product,Electronics,4255
79,War Product,Fitness,301
80,New Product,Electronics,2646
81,Effect Product,Electronics,1379
82,Control Product,Fitness,3488
83,Team Product,Electronics,3765
84,Land Product,Sports,1450
85,Relate Product,Fashion,1805
86,Successful Product,Home,1094
87,Clearly Product,Sports,2069
88,Item Product,Fashion,200
89,Heart Product,Sports,2233
90,Hard Product,Sports,3394
91,Whose Product,Fashion,2813
92,Whose Product,Home,1550
93,Daughter Product,Home,1913
94,Almost Product,Electronics,1939
95,Wife Product,Sports,66
96,Decide Product,Sports,2003
97,Star Product,Fitness,1591
98,Speak Product,Home,263
99,Amount Product,Fitness,3281
100,Indeed Product,Electronics,2935
101,Treatment Product,Home,989
102,Couple Product,Home,2345
103,Expert Product,Sports,3008
104,Two Product,Home,2254
105,Wide Product,Fashion,362
106,Rate Product,Fitness,1996
107,Loss Product,Home,3877
108,Maintain Product,Sports,785
109,Relate Product,Electronics,341
110,Enough Product,Fashion,3079
111,Fact Product,Fashion,4131
112,Price Product,Fitness,1405
113,Top Product,Fashion,1576
114,Guess Product,Electronics,1948
115,Pass Product,Fitness,2955
116,Stock Product,Sports,2765
117,Billion Product,Home,269
118,Wear Product,Electronics,2489
119,Gas Product,Fitness,4664
120,Western Product,Home,4484
121,Father Product,Fashion,4401
122,Region Product,Electronics,2472
123,Group Product,Electronics,239
124,They Product,Fashion,720
125,Way Product,Electronics,4684
126,Pressure Product,Home,4063
127,Understand Product,Electronics,2691
128,Technology Product,Fashion,1336
129,Maintain Product,Home,3383
130,Nothing Product,Fashion,3796
131,Send Product,Sports,2611
132,Product Product,Home,45
133,Thank Product,Fitness,543
134,Lot Product,Electronics,1267
135,Protect Product,Electronics,2758
136,Small Product,Electronics,4975
137,Read Product,Electronics,2241
138,Executive Product,Fashion,2301
139,Scene Product,Home,2402
140,Lay Product,Fitness,2583
141,Fast Product,Electronics,2391
142,Whatever Product,Home,2437
143,Left Product,Sports,1828
144,Out Product,Sports,3201
145,Sort Product,Home,4061
146,Gun Product,Electronics,4772
147,Health Product,Electronics,3120
148,Seat Product,Home,2379
149,Training Product,Electronics,3263
150,Action Product,Home,3203
151,Above Product,Electronics,2394
152,Those Product,Fashion,4840
153,Region Product,Electronics,2798
154,We Product,Sports,4243
155,Plant Product,Fashion,3924
156,Attorney Product,Fitness,4541
157,Husband Product,Sports,2086
158,Truth Product,Fitness,4506
159,Customer Product,Electronics,3265
160,Policy Product,Fashion,2424
161,Religious Product,Home,481
162,Up Product,Fitness,1841
163,Ground Product,Sports,1505
164,Truth Product,Fitness,4250
165,You Product,Home,665
166,Meet Product,Fitness,418
167,Serve Product,Fashion,1788
168,My Product,Fashion,2111
169,Source Product,Home,1912
170,Theory Product,Home,2248
171,Spend Product,Electronics,515
172,Worry Product,Sports,5000
173,Up Product,Home,2118
174,Sport Product,Fashion,2954
175,When Product,Sports,3790
176,Security Product,Electronics,2547
177,Protect Product,Electronics,4030
178,Government Product,Fitness,1604
179,Task Product,Electronics,739
180,Agent Product,Home,1901
181,Seem Product,Fitness,3487
182,Call Product,Electronics,3199
183,About Product,Home,3683
184,Cell Product,Sports,46
185,Police Product,Home,855
186,Get Product,Fitness,2763
187,Value Product,Electronics,326
188,Series Product,Home,4459
189,Dark Product,Fashion,3883
190,Himself Product,Home,3249
191,Alone Product,Fitness,4901
192,For Product,Sports,3384
193,Talk Product,Electronics,1724
194,Difference Product,Fitness,3364
195,While Product,Electronics,1052
196,Never Product,Fashion,3836
197,Home Product,Electronics,3631
198,Recognize Product,Home,1867
199,Cause Product,Sports,3438
200,Level Product,Electronics,3970
201,Commercial Product,Fashion,160
202,Clearly Product,Electronics,2645
203,Some Product,Sports,3863
204,Reach Product,Electronics,2341
205,Benefit Product,Sports,194
206,Painting Product,Fitness,3790
207,Sport Product,Home,1053
208,Computer Product,Home,3328
209,Threat Product,Fashion,2828
210,Ok Product,Fashion,1515
211,Black Product,Fashion,2394
212,Possible Product,Home,1072
213,Wonder Product,Fitness,1081
214,Across Product,Sports,1823
215,And Product,Fashion,997
216,Large Product,Fashion,4929
217,On Product,Electronics,2517
218,Their Product,Fashion,2702
219,Image Product,Fitness,2786
220,Thus Product,Sports,34
221,Someone Product,Fitness,1563
222,Deal Product,Fashion,3957
223,Particularly Product,Home,4006
224,Different Product,Electronics,3245
225,To Product,Fashion,4826
226,Receive Product,Sports,1545
227,City Product,Sports,475
228,While Product,Home,848
229,Interesting Product,Electronics,634
230,Suddenly Product,Fitness,4812
231,None Product,Electronics,3780
232,By Product,Fashion,1812
233,Democratic Product,Fitness,18
234,Tax Product,Fitness,461
235,Group Product,Sports,4797
236,Into Product,Home,4228
237,Himself Product,Electronics,872
238,Yourself Product,Fitness,4942
239,Performance Product,Electronics,2910
240,Prepare Product,Home,1206
241,Dream Product,Home,632
242,Yet Product,Sports,1174
243,Wall Product,Electronics,4173
244,Operation Product,Fashion,1792
245,Face Product,Electronics,1518
246,Particular Product,Sports,2523
247,Sport Product,Fitness,2827
248,Ask Product,Sports,3715
249,Cup Product,Sports,4022
250,Here Product,Fitness,188
251,Anything Product,Sports,1613
252,Morning Product,Fashion,1285
253,To Product,Fitness,119
254,Everything Product,Home,827
255,Easy Product,Home,4120
256,Difficult Product,Fitness,4268
257,Have Product,Fitness,3223
258,Money Product,Fashion,530
259,Teach Product,Fashion,2151
260,Beat Product,Home,2262
261,Anything Product,Sports,4519
262,Rest Product,Home,2262
263,Argue Product,Home,2691
264,Large Product,Home,216
265,The Product,Home,2649
266,Man Product,Electronics,447
267,Energy Product,Fitness,620
268,Less Product,Fitness,4923
269,Word Product,Electronics,3805
270,Single Product,Fashion,535
271,Able Product,Sports,922
272,Ground Product,Home,4939
273,Structure Product,Sports,3531
274,Two Product,Home,2627
275,Expert Product,Fashion,1744
276,Investment Product,Fashion,4068
277,Century Product,Home,3634
278,Home Product,Fashion,3361
279,Behind Product,Fitness,213
280,Trip Product,Fitness,3054
281,Dark Product,Sports,3517
282,Spend Product,Fitness,3906
283,Four Product,Fitness,1707
284,Behind Product,Sports,4762
285,Lead Product,Sports,3043
286,Along Product,Home,4901
287,They Product,Sports,186
288,Nature Product,Sports,2123
289,Make Product,Home,2661
290,Past Product,Fashion,194
291,Yes Product,Fashion,22
292,Recent Product,Fitness,2503
293,Left Product,Fitness,1291
294,Support Product,Sports,912
295,According Product,Fitness,4904
296,Tonight Product,Home,1261
297,Close Product,Home,3553
298,Personal Product,Fashion,2436
299,Magazine Product,Home,4842
300,Rich Product,Fashion,545
301,Interest Product,Sports,671
302,Past Product,Fashion,851
303,Face Product,Home,3205
304,Throw Product,Electronics,487
305,Team Product,Fitness,2380
306,Thought Product,Sports,2221
307,Wait Product,Electronics,2980
308,About Product,Home,1204
309,Republican Product,Electronics,2333
310,Democratic Product,Fashion,1126
311,Until Product,Sports,457
312,Baby Product,Fashion,2940
313,Various Product,Fashion,2085
314,Before Product,Fitness,4512
315,For Product,Fashion,4916
316,Item Product,Fashion,987
317,Budget Product,Home,1473
318,Country Product,Home,350
319,Agency Product,Fashion,366
320,Church Product,Fitness,2448
321,Either Product,Fashion,4994
322,Staff Product,Electronics,316
323,Walk Product,Fashion,257
324,Especially Product,Electronics,3176
325,Cultural Product,Home,2941
326,Hit Product,Fashion,1996
327,Explain Product,Electronics,2261
328,Go Product,Fashion,4389
329,Century Product,Fashion,2700
330,To Product,Fashion,2405
331,Significant Product,Fashion,3695
332,Care Product,Electronics,4571
333,Blue Product,Fitness,4614
334,Off Product,Fitness,3090
335,Message Product,Electronics,3875
336,Physical Product,Fitness,325
337,Could Product,Fitness,4075
338,Smile Product,Home,2027
339,Name Product,Fitness,289
340,Police Product,Home,18
341,Much Product,Fitness,1947
342,Country Product,Home,2803
343,Morning Product,Sports,4390
344,It Product,Fashion,4003
345,Officer Product,Electronics,2617
346,Source Product,Home,568
347,Speech Product,Fitness,1103
348,Guess Product,Electronics,340
349,Face Product,Electronics,3527
350,State Product,Sports,4054
351,Trip Product,Home,4548
352,Myself Product,Home,3603
353,Hotel Product,Fitness,197
354,Treatment Product,Home,4870
355,Travel Product,Home,2959
356,Usually Product,Fashion,4671
357,According Product,Electronics,3999
358,Hundred Product,Sports,49
359,Plan Product,Home,785
360,Anything Product,Sports,2781
361,Worry Product,Home,1730
362,Speech Product,Fitness,2015
363,Far Product,Home,2206
364,Without Product,Home,4176
365,At Product,Fashion,3754
366,Road Product,Fashion,4536
367,Ask Product,Fitness,4487
368,List Product,Electronics,519
369,Information Product,Fitness,2272
370,Simply Product,Home,11
371,Prevent Product,Electronics,2743
372,Feeling Product,Electronics,751
373,Realize Product,Home,2790
374,Season Product,Fitness,2710
375,Score Product,Electronics,2100
376,Building Product,Sports,3542
377,Staff Product,Fashion,3860
378,Expert Product,Fitness,4095
379,Spend Product,Fashion,4222
380,Little Product,Fitness,2480
381,Address Product,Fashion,3036
382,Growth Product,Fitness,1777
383,Eat Product,Fitness,2879
384,Beat Product,Sports,348
385,Rule Product,Home,1374
386,It Product,Fashion,3432
387,Pay Product,Fitness,4530
388,Represent Product,Electronics,1590
389,Letter Product,Home,4280
390,My Product,Home,1140
391,Win Product,Fitness,3260
392,Save Product,Fashion,4168
393,Him Product,Electronics,938
394,Tell Product,Sports,2440
395,Become Product,Fitness,4581
396,Deal Product,Fashion,172
397,Lawyer Product,Home,18
398,North Product,Fitness,3623
399,Foot Product,Fashion,1904
400,Quite Product,Fitness,4845
401,Onto Product,Sports,1275
402,Environment Product,Sports,3248
403,Build Product,Electronics,1918
404,Customer Product,Electronics,2015
405,Light Product,Home,3179
406,Road Product,Fashion,3298
407,Physical Product,Electronics,2420
408,Stop Product,Electronics,4952
409,Contain Product,Sports,3508
410,Continue Product,Home,1497
411,Exist Product,Fashion,2449
412,Week Product,Sports,11
413,Moment Product,Electronics,1784
414,Cover Product,Electronics,1001
415,Order Product,Fitness,799
416,Manager Product,Fashion,1903
417,Candidate Product,Electronics,2276
418,Get Product,Sports,3468
419,Should Product,Electronics,2825
420,Try Product,Home,4427
421,Coach Product,Sports,3251
422,All Product,Electronics,45
423,Smile Product,Fitness,443
424,Agent Product,Fashion,2046
425,Six Product,Home,4185
426,Business Product,Home,1161
427,Suddenly Product,Fashion,3347
428,Population Product,Fashion,309
429,Look Product,Fashion,4624
430,Ask Product,Fitness,4761
431,Little Product,Fitness,4832
432,Be Product,Fitness,600
433,Second Product,Electronics,4670
434,Realize Product,Electronics,4283
435,Skin Product,Electronics,299
436,Fire Product,Fashion,3381
437,Attack Product,Sports,1582
438,Weight Product,Fitness,3373
439,Military Product,Fitness,1389
440,Defense Product,Sports,171
441,Security Product,Home,2728
442,Bag Product,Fashion,2925
443,Personal Product,Fitness,979
444,Especially Product,Fitness,3823
445,Local Product,Home,4800
446,Lay Product,Home,59
447,Year Product,Home,2449
448,Worker Product,Home,3519
449,Involve Product,Home,4165
450,Point Product,Electronics,3478
451,Animal Product,Sports,1969
452,Same Product,Fashion,2718
453,Expert Product,Fitness,3697
454,Medical Product,Electronics,298
455,Media Product,Electronics,2993
456,Learn Product,Home,2607
457,Turn Product,Sports,892
458,Here Product,Electronics,273
459,Necessary Product,Sports,4704
460,Area Product,Electronics,4103
461,Involve Product,Electronics,483
462,Official Product,Fitness,2712
463,Although Product,Electronics,3740
464,Determine Product,Fitness,3168
465,Mind Product,Sports,2254
466,Practice Product,Electronics,2241
467,Writer Product,Home,3721
468,Best Product,Home,1080
469,How Product,Home,2617
470,Off Product,Fitness,2190
471,Be Product,Fitness,3151
472,Together Product,Fitness,1397
473,Card Product,Home,1525
474,Threat Product,Home,2279
475,Maintain Product,Fitness,3716
476,Up Product,Sports,3474
477,Sport Product,Home,3415
478,Color Product,Fitness,98
479,Deal Product,Home,4724
480,Program Product,Home,1969
481,Pretty Product,Fitness,2903
482,Much Product,Fashion,1726
483,Hospital Product,Home,1677
484,Stock Product,Fitness,1729
485,Wind Product,Fitness,3817
486,Need Product,Fashion,966
487,Wind Product,Home,418
488,Use Product,Electronics,1909
489,Forget Product,Electronics,1148
490,Second Product,Fitness,68
491,Job Product,Electronics,449
492,Country Product,Home,613
493,Similar Product,Electronics,3957
494,Time Product,Fitness,2889
495,Focus Product,Electronics,332
496,Hotel Product,Fashion,2888
497,While Product,Fitness,854
498,Four Product,Electronics,910
499,Size Product,Electronics,3974
500,Start Product,Electronics,924
